,month,well_name,bhp,bht,dp_tubing,AVG_ANNULUS_PRESS,AVG_CHOKE_SIZE_P,whp,wht,choke_size_percentage,oil_rate,prod_hrs,oil_vol,gas_vol,water_vol
0,July 2013,7078,158.3602609239847,69.23148618672953,110.01407160689521,14.441138625034919,6.486209255952381,53.448364183650945,25.15254989858408,37.76678634920979,808.4755011484291,112.07514,3867.07,581492.75,0.0
1,August 2013,7078,269.0804946620419,105.79465033103415,176.21820300760976,23.134282556388513,9.705931831914894,92.86229165443207,57.657923927223685,64.58506497881488,1040.0111593603574,698.79181,29363.14,4453435.0600000005,520.01
2,September 2013,7078,264.4707476131889,105.59314847487457,176.24642442575717,12.85865540902784,8.571979336419753,88.22432318743174,57.250974381308254,59.848991290181644,1040.9572023342528,1237.70848,53138.22,8115009.0600000005,2093.62
3,October 2013,7078,256.36892420794334,106.01817314379555,173.56433757104136,15.504757059128558,9.714533832498283,82.80458663690202,60.07742000449562,54.31606066276511,1184.187780187344,1907.829095,87252.72,13387733.350000001,4020.1499999999996
4,November 2013,7078,253.28119120868985,106.22632301660848,172.46375235450964,14.170224712921057,10.571099666666667,80.81743885418021,61.5138833005925,52.43667093003497,1191.6708592296034,2619.829095,122639.07,18801219.490000002,7811.37
5,December 2013,7078,249.97507333779612,106.1507695709328,172.15060092954778,20.709462927140393,9.970717495567376,77.82447240824834,57.77242350480096,49.387404271111684,1186.6579738315413,3281.912445,156044.82,23991878.310000002,12774.630000000001
6,January 2014,7078,245.87299655866792,106.27254825130584,170.43316726653808,25.39505809347537,10.582756859042552,75.43982929212982,60.49768516916156,46.9677835340968,1237.312435197631,3949.995775,190597.19,29185231.53,17118.120000000003
7,February 2014,7078,242.8668422939903,106.19591682965377,169.87843959596745,24.02673747421965,10.123714179258242,72.98840269802282,60.158948129199295,44.36290632017413,1160.1159508345738,4512.662435,218787.16,33440514.21,19959.49
8,March 2014,7078,239.15620192043994,106.22464669103681,168.62314943969213,24.014297494361777,10.508673268901754,70.53305248074783,61.569063951646925,41.656960063226144,1175.6512792758574,5168.162425,252077.95,38480363.96,23651.710000000003
9,April 2014,7078,236.83563149432405,106.26364523400204,167.50651064193755,26.259639724354063,10.795031123965721,69.32912085238648,64.48394550225895,40.80859422097908,1245.3614442185012,5859.679275,287506.68,43782322.76,27776.160000000003
10,May 2014,7078,228.601389045102,106.33799751378909,165.18770203151217,27.050785424819043,11.80961010295127,63.41368701358983,66.15035514884381,34.757161594830926,1139.487413476277,6591.179275,322338.56,48684942.04,32793.630000000005
11,June 2014,7078,223.64944602947062,106.55743364732555,165.1322292565614,20.881529713378338,12.319512395833334,58.51721677290923,68.4010099867103,29.944952926228403,1145.0429714078282,7300.512605000001,356237.2,53675626.56,38877.22
12,July 2014,7078,219.72906821626998,106.61499524152504,164.43018793543197,20.64851271481173,12.177036229838711,55.29888028083798,69.31764061281709,26.654279894220412,1091.0610383011283,8043.179275,389997.53,58711543.85,45678.07
13,August 2014,7078,230.98942604829196,106.23639582535277,170.76391722336746,19.76392082774776,10.34465275422494,60.22550882492448,65.04624033793046,31.783655559264744,1056.187361203694,8642.295965000001,416035.07,62745314.27,51754.59
14,September 2014,7078,224.39832350466426,106.37583352797517,168.50820025540756,24.130988032670718,11.300658559692671,55.890123249256696,67.7672452492441,27.413284011513365,1144.8377256266424,9332.962635000002,449256.71,67965642.95,60103.64
15,October 2014,7078,219.97861894178106,106.43315477594372,167.20728680922556,25.722805403357356,11.794739110215055,52.77133213255548,67.14279120546215,24.312711289653397,1090.5579612903227,10076.962635000002,483108.43000000005,73202851.25,70391.54
16,November 2014,7078,228.2522005998897,106.15094639380577,172.49174358401697,24.326173917002343,10.074886465277778,55.76045701587273,62.80758130320532,27.217005683683333,905.5189996203093,10769.354445,509719.93000000005,77355967.54,79795.12
17,December 2014,7078,283.0997092365049,104.88358767337029,203.32830612686834,16.89096544448351,4.249349795956303,79.77140310963657,43.73772194454799,50.43625880764989,279.2141197435169,11503.212645000001,518267.85000000003,78769079.18,82874.17
18,January 2015,7078,225.05636407662794,106.07435625688615,171.86223393206734,21.506684280904206,11.252346486849882,53.194130144560596,63.99131709186665,24.31458245647235,968.8292178698518,12211.545975,546803.0800000001,82977284.63000001,96273.75
19,February 2015,7078,210.5209789926756,106.01759927387684,165.54100507059098,14.760130076262731,15.387098821809246,44.979973922084625,66.53645269382841,16.62030239565217,963.1331379207655,12843.712645000001,572150.3,86813358.32000001,110334.76
20,March 2015,7078,220.06010857211612,105.72452509261606,167.58195196746436,13.166362820984503,19.041941193016225,52.478156604651744,68.32914120596561,23.715218076671718,1429.6298345870287,13587.545975,616466.49,93330058.81,129722.06
21,April 2015,7078,220.71477658850472,105.61423814997046,169.04686881781916,17.261081420803784,21.170558337618203,51.66790777068558,74.91159882166076,22.567708150265958,1818.5253333333335,14307.545975,671022.25,101286526.3,153561.78
22,May 2015,7078,220.04273483141728,105.82840792882064,170.17805093828642,12.40737146119309,21.409634303220084,49.86468389313086,75.24678969986844,21.206763460163575,1775.1361290322582,15051.545975,726051.47,109314036.74,177987.31
23,June 2015,7078,221.28042270155433,105.85626212983877,173.27563529364414,18.38062460799575,20.64941662278369,48.00478740791018,76.21489557729055,19.36509017823282,1610.2918435598476,15770.362645000001,774282.57,116379888.33,200878.93
24,July 2015,7078,220.1047211746454,105.9572126461336,177.18569141472202,16.79534257135095,24.03088042524594,42.91902975992336,77.46737782243767,14.277883888698238,1412.4083870967743,16514.362645,818067.23,122888741.62,237074.86
25,August 2015,7078,222.4839218840003,105.91693621085376,180.7427827412013,14.716681163008841,23.771627337962965,41.74113914279899,76.29839999867734,13.14652911590912,1209.2295281934666,17146.379455000002,849565.38,127658643.80000001,268945.3
26,September 2015,7078,221.3557354930992,105.79317066181959,183.25654500804117,12.63258640345305,26.600638194444446,38.099190485058,77.60851204172776,9.168229192765619,1049.003545256282,17865.104035,880989.97,132406753.66000001,306357.14999999997
27,October 2015,7078,216.6716658105245,105.83498639283918,181.62386051768777,11.329478314563511,36.35647908638551,35.04780529283672,75.50291435828764,8.776945628713758,1123.5914810086374,18491.995845,910714.75,136908323.68,344379.70999999996
28,November 2015,7078,223.62709029408128,106.12180070753813,188.75254257260738,11.001529864533643,87.34528453124999,34.87454772147392,79.0274713241186,7.509811505777386,1301.2804718419145,19163.304045,947124.98,142466897.03,401438.31999999995
29,December 2015,7078,222.3671525649427,105.97450245413447,190.88951151184975,10.538583141562462,92.97535856854839,31.47764105309294,78.78900685817966,4.894611343298646,1165.1242007040778,19903.470715,983058.88,147971562.49,464414.6
30,January 2016,7078,227.83862102681078,105.86169867892242,196.78098750721523,13.744872051437614,95.31089902553764,31.057633519595534,78.53975837326425,4.416177429062791,1029.2966192615584,20639.970705,1014662.14,152921503.27,532395.26
31,February 2016,7078,231.76448307110363,105.75973428076628,201.7175699784146,18.971386153778855,98.94712565373564,30.046913092689035,79.77759265127654,3.5228380103826007,895.4816550716121,21335.554035,1040616.71,157014789.83,599005.75
32,March 2016,7078,238.768363643695,105.7393570494452,209.47687778232304,21.462947117403445,100.0,29.291485861371957,80.82408496379807,3.1691317737125893,808.197110799439,22078.554035,1065640.3699999999,161046827.93,675642.71
33,April 2016,7078,253.58195970087831,105.2975232200213,223.14468075146365,22.07151991054241,85.82024425925927,30.437278949414626,78.32500225356691,4.789811208538482,543.8576780294948,22657.637355000003,1079069.3699999999,163241254.98000002,733574.37
34,May 2016,7078,250.02500365591396,105.14406723790322,221.68300983198927,22.3008466733871,100.0,28.34199382392473,82.06434968413978,2.7660602016129032,500.9274193548387,23401.637355000003,1094598.1199999999,165691968.75000003,807019.6
35,June 2016,7078,250.73895739935384,105.1981865003418,222.50703624573495,22.397585978424516,99.28122284722221,28.231921153618902,82.69919658290071,2.767377946743119,487.35880442590263,24120.054025,1109188.73,168041099.97000003,878718.95
36,July 2016,7078,250.70822653875675,105.22665914158465,224.2771373391072,22.431320484499647,97.74136866263441,26.43108919964951,83.0453403368406,3.0661444102565207,466.3756174215116,24860.055035,1123573.6099999999,170350547.44000003,955803.6699999999
37,August 2016,7078,252.03849952470287,104.95861231206456,225.33707723631923,22.292428151327048,99.09464495295698,26.701422288383625,83.35462679160005,3.247131430032346,470.6238736759197,25603.721705,1138157.3399999999,172691918.99000004,1043565.8599999999
38,September 2016,7078,253.58168281766194,105.23982532786579,226.72483649625002,22.589496588625092,98.2115912622549,26.856846321411943,83.38116576861832,3.3750874025275177,526.5471505056463,25995.996845,1146766.5199999998,174150735.34000003,1090345.2499999998
39,April 2016,5769,188.03178894158438,90.271689052607,167.64739175540598,21.240932489938178,73.84057960227273,24.655270410483357,51.92802207968867,0.5484053799172388,331.8800371057514,245.84167,3400.61,538638.5599999999,2380.78
40,May 2016,5769,227.64421656755556,108.11272521341844,195.89601749444444,19.51946622222222,79.47166459722222,25.7500685,46.309984416666666,0.2897754791666667,313.19,965.84167,12796.310000000001,2020928.29,6194.55
41,June 2016,5769,225.142732331,108.14042431524942,192.78155889861108,20.248170764448336,76.69345059722222,25.79526821598357,47.46163520001647,0.3857714032311792,304.6921534457764,1684.2583399999999,21917.79,3489485.41,8571.48
42,July 2016,5769,183.9077002929606,88.16150236673448,165.30097504551227,21.64045491384064,88.30261039999999,23.183679123410958,49.99243361739631,0.40018189492428,331.00449905444015,2280.90002,29855.28,4767801.94,10502.619999999999
43,August 2016,5769,113.53715035,55.245703174999996,113.93786500004003,24.29528951716176,99.11265853333335,23.652650942129004,54.51601530463991,0.2479633639056812,345.3514619851072,2877.32502,38432.8,6131674.37,12788.599999999999
44,April 2014,7405,251.89208733796295,107.76287506944443,164.54130377314814,19.246383569444443,48.521680671296295,87.3507835648148,61.699799629629624,58.78451226851852,1297.4955555555555,216.0,11142.47,1597936.65,0.0
45,May 2014,7405,223.97050529885172,107.81573311095234,155.9760853060201,28.05183173898865,46.4160566061828,67.99441999283155,55.57782380031093,39.48517911966599,827.5540322580645,949.83334,36044.42,5094166.3,783.48
46,June 2014,7405,217.4583858442543,108.0049109821462,157.56172607641773,27.613102574989686,46.62114773611111,59.896659767836596,56.33171315022414,31.58881956341213,675.278182478361,1655.75,55662.17999999999,7980827.99,2851.96
47,July 2014,7405,215.3137228331745,108.15118170763235,166.59374017777384,26.940281947759182,47.28466888888889,48.71998265540066,56.802281086780674,20.25361851074015,486.1408271267887,2374.16666,70225.85999999999,10152346.98,8941.470000000001
48,August 2014,7405,213.56835296296296,108.23437785460993,172.93620794030733,22.06016189355752,49.14963932870371,40.632145022655635,56.60600123842593,12.081788367563043,387.24611111111113,2806.16666,77196.28999999998,11200537.780000001,13471.220000000001
49,September 2014,7405,224.63615766944818,108.26130765214765,182.57214851365433,23.023952444476,49.31757928685897,42.06400915579387,58.67887639849527,13.579967098602168,354.1048343858455,3424.4249999999997,86364.71999999997,12614637.770000001,21788.81
50,October 2014,7405,220.30385760962446,108.34677959750972,184.27071060946201,19.35194869396055,51.01365790913978,36.033147000162465,55.173448787419865,8.224089474514297,304.9914322580645,4168.424999999999,95832.77999999997,14076701.760000002,32153.68
51,November 2014,7405,221.71343851562503,108.22422498300828,185.93512233506945,18.857567322389592,50.583120625,35.77831618055556,55.88230908854167,8.212946076388889,279.64958333333334,4732.424999999999,102543.10999999997,15120890.060000002,39387.92
52,December 2014,7405,255.41031,105.64768,248.86561,10.734955553874471,56.644213541666666,6.5447,20.87301,2.25817,213.8488888888889,4745.924999999999,102663.39999999997,15146747.140000002,39571.36
53,January 2015,7405,248.04384308338143,107.56600401145658,183.75253794174094,22.84236579478566,45.305474890873015,64.2913051416405,50.12638282650009,36.40297575369382,545.482060564614,5197.424999999999,113538.92999999996,16751681.740000002,46422.16
54,February 2015,7405,236.11868415694,107.84398203446749,188.06851341729586,25.20772515214469,50.01179601830663,48.05017073964413,60.38321616553563,19.464243674343766,518.6910293143196,5634.841669999999,123125.56999999996,18191135.410000004,57167.15
55,March 2015,7405,233.84930168495137,108.05199421819059,195.15127010024585,24.28232997746343,53.962291006728776,38.69803158470553,68.34167598395825,12.771129063647152,432.55380763722434,5955.049999999999,129004.78999999996,19047816.860000003,68774.59
56,April 2015,7405,241.4240622157882,107.89298193214911,204.6134011312405,22.435461883987628,49.97051230902778,36.81066108454771,65.45410476299386,11.731903987778097,343.21276249741203,6217.88333,132928.96999999997,19614526.67,78589.75
57,May 2015,7405,231.24500847751233,108.06859415213148,198.58129961766218,19.484519758994725,55.18435372685185,32.66370885985017,73.25777098404306,5.88044687333336,502.823359568163,6398.96666,136761.65999999997,20173587.01,84757.22
58,June 2015,7405,237.88062793852117,108.02601063406648,202.72332081623466,20.287021869039158,55.03565396875,35.157307122286504,67.80453681834824,7.848417043589199,322.62438171037695,6865.41652,143106.15999999997,21098924.490000002,99305.91
59,July 2015,7405,244.06442094435818,107.98952973867331,212.07515517373656,18.570387343402864,52.95372448863636,31.989265770621614,66.50295811368693,5.518371698287205,199.97190386772252,7107.083189999999,145200.11,21414103.450000003,107760.17
60,August 2015,7405,219.88035205990582,108.228491956153,188.8637446468631,18.78975212642262,57.04063336309524,31.016607413042696,71.77469058922233,3.9893713720673962,451.02424303426045,7254.874859999999,148071.12999999998,21841796.040000003,113094.2
61,September 2015,7405,239.23318805094684,107.95025084580293,206.32099003193449,21.59671618930506,57.963585220588236,32.91219801901237,69.81383021539102,6.2331024134247865,397.17189854885277,7639.341659999999,154531.39999999997,22803344.460000005,127861.31999999999
62,October 2015,7405,240.89338973753536,107.93705233195956,208.35760174064816,18.939617179120233,50.522878223039214,32.53578799688722,69.03526877474073,10.903860473654154,254.71069185198053,8007.141519999999,158617.19999999995,23434717.020000003,141400.03
63,November 2015,7405,241.70651994049229,107.94836558500856,211.1257599389705,17.983840994321184,56.80953899038462,30.580760001521806,69.73965665964472,8.046836485243858,260.2434175739386,8308.39985,161949.24999999994,23943101.450000003,153082.34
64,December 2015,7405,212.69317802586863,108.14964738295969,187.54313775708323,17.898522401275898,52.242090624999996,25.150040268785382,70.97417553292729,8.350945478098588,362.9344028656276,8506.05818,164898.66999999995,24398012.750000004,159313.88999999998
65,January 2016,7405,245.6903479149411,107.93270498169825,216.92640765036302,18.993394460774965,50.36350095588235,28.763940264578043,67.79994389160447,13.119100850695492,185.45322518041047,8893.74152,167880.10999999996,24869688.710000005,173350.16999999998
66,February 2016,7405,239.4884759004752,107.86739488735591,210.9926102612692,19.47762976085048,50.978343382936515,28.495865639206038,65.99959403591477,12.399639007758273,228.75371034566174,9377.474849999999,172597.58999999997,25611939.850000005,189294.74999999997
67,March 2016,7405,253.1087693688771,107.8577834369707,221.29276537582763,20.08881647925457,51.91515873550725,31.81600399304948,67.43029711219422,15.55253205619808,195.57962487628842,9734.23318,175515.08999999997,26088770.040000007,202705.63999999996
68,April 2016,7405,221.2271648092542,108.02523477420779,195.36324639154077,19.413243243689923,53.39863836805555,25.863918417713425,69.98872512189678,10.015565284545788,283.9003333102841,9875.058169999998,177186.77999999997,26362983.21000001,207146.76999999996
69,July 2008,5351,252.05588231211465,104.32865940049084,155.969946882228,0.8231073991228071,29.82804425438596,96.08593542988665,73.91908420056077,64.31868399680539,2781.2009558964037,437.57,51285.08,7538861.07,126.17
70,August 2008,5351,246.11738539674354,104.58612696659182,156.49675310886906,6.159866994064443,33.09854704864311,89.62063228787449,74.96437562899739,57.58761605825788,3534.1017687691046,895.97,118906.28,17319393.41,348.7
71,September 2008,5351,229.6573507299827,104.83864722523288,155.4936572397369,9.418974032109292,42.02751095521199,74.16369349024582,76.09135421769098,41.16995037532958,4253.205816484724,1538.6783300000002,233502.53999999998,33659908.16,624.4300000000001
72,October 2008,5351,210.81474258798914,105.04666396901027,149.60197415093353,4.543001065360164,46.766916555972415,61.21276843705563,78.22924321385698,28.355526034993144,4614.771597138538,2280.17833,376319.6,53986774.48,725.6800000000001
73,November 2008,5351,224.0799947443663,105.10606347932415,149.3870238824144,6.347401356962146,36.14908350251182,74.69297086195188,76.07619711371426,42.22374788289846,3549.848029842997,2998.01166,480729.20999999996,68892794.49,915.57
74,December 2008,5351,238.51729892601807,105.22625470515901,154.0070334327099,6.1011050514107446,34.744733629032254,84.51026549330817,76.05680380547929,51.77747421742736,3554.815483870968,3742.01166,590928.49,84849047.94,982.11
75,January 2009,5351,254.5872684826056,105.23429449080025,161.2679679830281,5.605538942594502,33.67271022160674,93.50642834097535,75.94870812855959,60.671959387382294,3952.589970244077,4447.17831,706501.15,101567503.27,1959.9
76,February 2009,5351,263.7445606571319,105.34416109803394,165.28275576903314,8.24197093202598,33.55772282261142,98.46180488809877,77.8142940210597,65.5590765249246,4385.340886368545,5085.5949900000005,820382.13,117821880.71,4489.139999999999
77,March 2009,5351,261.20116433425346,105.14710413836258,165.80972224557647,9.141593945831593,32.42587571594242,95.39144208867695,73.14362444520594,62.58802722507289,3989.9240166794284,5616.39832,911026.5700000001,130524343.92999999,6281.735
78,April 2009,5351,171.70022321154644,78.78147470979258,126.29572481099967,6.961047368796979,36.403528840263824,75.54172676161673,75.17627546756367,42.96450603594951,3879.309061778961,6153.223330000001,997919.9800000001,142443809.7,6528.155
79,May 2009,5351,220.57954200699334,103.80496628888572,151.49158332240003,2.226803258890764,40.21183590873016,69.0879586845933,78.8160034484815,36.12304752029399,4021.0491143621307,6847.89,1114095.02,158388358.53,9968.205
80,June 2009,5351,222.54762361392548,104.96566005416557,153.1192453598334,5.1774661129748605,35.89155859866256,69.42837825409205,79.07630733849888,37.25010479177716,3018.441137983252,7539.7899800000005,1200749.05,170530239.64,15699.385
81,July 2009,5351,231.08834962295313,105.12597903138095,154.16951571479956,7.604646983371741,29.40267000555166,76.91883390815356,76.4418208261953,45.53407833389085,2097.2424314140712,8281.95664,1265620.87,179658100.13,22472.114999999998
82,August 2009,5351,227.42424595311854,105.53434148382202,162.61357676646142,4.542947948922082,42.44263685481312,64.81066918665712,83.98636642173085,32.159883882586286,4158.893399810416,8938.78162,1378114.37,195322721.94,43265.895
83,September 2009,5351,235.0531236134964,105.61197511239901,179.72406624031078,8.86950463211949,45.543008228010976,55.329057373185634,84.46405999784047,30.34550515780154,4149.698223731197,9447.85663,1468464.1700000002,207887355.18,58540.735
84,October 2009,5351,239.79563095461774,105.6554119123419,172.41985982792343,5.602360980269957,40.312550443736775,67.37577112669429,82.67760170344653,34.16772581298992,3594.420453875956,10093.035785,1565171.4900000002,221443940.0,84639.795
85,November 2009,5351,242.72512058110885,105.90672715812833,176.03900896339684,6.259232630909344,39.807280925645955,66.68611161771202,85.79132138186627,33.75238671754199,3313.5316075497813,10802.285795,1663214.9900000002,235265823.66,123656.245
86,December 2009,5351,238.61906997865944,106.05378610269598,179.82958180131888,1.5362730789162242,43.89748769562839,58.789488177340544,87.38192239171552,25.80723586733849,2953.1871139120913,11528.952465,1752729.3400000003,247818731.44,179829.66499999998
87,January 2010,5351,237.39673844499052,105.57326725511123,182.51838739417494,0.542305597851579,45.64115870967742,54.878351050815574,86.95251343756976,22.20184228184014,2658.3478292432565,12271.119125000001,1834950.5900000003,259380033.35999998,249833.82499999998
88,February 2010,5351,158.1078946548885,67.39837445521246,134.54436808325906,1.2653307287344502,40.094765036050696,61.023226328575994,87.7719251898248,28.930594317644196,2421.5831648335693,12881.294125,1897043.5700000003,268131281.64999998,311834.07499999995
89,March 2010,5351,243.7042544967949,106.16060659804539,184.78511521828995,1.3365800265404744,41.96767210422302,58.91913927850494,85.3426050418588,26.168611908577027,2448.353270076109,13535.402445,1964032.8200000003,277553087.01,376394.92499999993
90,April 2010,5351,240.6307800587505,106.3558805191186,186.15618737703855,0.0,46.892818155788184,54.47459268171196,89.00679831700285,21.23971385468096,2568.14184999009,14215.210775,2037068.6300000004,287841557.43,446260.2349999999
91,May 2010,5351,241.49638727182887,106.63972895169047,193.67724652694156,0.0,64.79897574500768,47.81914074488731,91.48599760671004,14.325516074035129,2846.252123924469,14955.377445,2124877.91,300331853.34000003,531575.6749999999
92,June 2010,5351,250.51526351130025,106.71886274174834,201.17861010952467,0.0,62.645916791075656,49.33665340177553,92.61367892686484,15.99502007038064,2517.5349469775683,15673.127445,2200187.73,311088430.14000005,628156.595
93,July 2010,5351,255.4594962753074,106.55219748942277,202.19270020021497,0.0,53.9900303006662,53.26679607509242,92.00074872017385,19.920913141419962,2248.344801572712,16415.544115,2269787.98,321161964.49000007,729372.945
94,August 2010,5351,254.89046309502035,106.42190189139797,202.86283162542662,0.0,54.17025383830068,52.02763146959372,92.09296526318309,19.131874212790986,2160.9434968007863,16840.644115,2308201.71,326705216.77000004,785825.845
95,September 2010,5351,254.50643073709395,106.23775885337483,196.68217747289387,0.0,44.304268179783016,57.82425326420007,88.47889036638733,25.421152309781572,2268.8695628112187,17406.794105,2363606.92,334965768.96000004,852332.665
96,October 2010,5351,243.17798777334227,106.2425617226349,196.3964112140247,0.0,61.01191766145047,46.781576559317564,90.26420180551135,14.283224347095576,2543.307301860676,18148.960765,2442362.23,346819615.54,953281.805
97,November 2010,5351,241.06298316586694,105.99772030595302,198.06624480223266,0.0,82.28391987630245,42.996738363634286,89.83857696232245,10.483163902929823,2192.2915117393522,18832.377435,2504917.71,356304964.22,1050251.7850000001
98,December 2010,5351,242.26035414026052,105.77344717850858,201.2816672582422,0.0,98.45594754518417,40.978686882018316,90.23024608400628,9.307167749672981,2067.3797428705,19573.877435,2568803.94,366068123.75,1161892.245
99,January 2011,5351,241.80117811113016,105.19177462794555,202.61500712351295,0.0,99.73118279569891,39.18617098761725,90.62272817518875,9.328602192719059,1978.3370967741935,20317.877435,2630132.39,375421328.16,1273060.2650000001
100,February 2011,5351,241.02512122077323,105.0433059433704,201.07471104834246,0.0,93.93312656729057,39.95041017243073,86.96341277201184,9.866044149106752,1871.2156385782396,20879.377435,2674198.7,382251437.75,1352552.395
101,March 2011,5351,243.68077762011387,104.60531686920827,204.30391395743382,0.0,82.42328541812763,39.37686366268005,89.57692375849636,9.631095152240201,1852.0737556490571,21611.877435,2730908.66,390985192.72,1470050.625
102,April 2011,5351,245.76471064773932,104.3668526423886,204.71886382219552,0.0,62.6665474459541,41.045846825543826,89.88238166636974,10.92853336678371,1732.4117547050905,22329.544104999997,2782722.9000000004,399037435.6,1592104.225
103,May 2011,5351,247.0742762464183,104.01749377374236,206.47393267613617,0.0,62.685453173186914,40.60034357028214,89.48435509536733,10.552037530769052,1654.6476710547265,23070.794104999997,2833844.5200000005,407010363.28000003,1721436.0850000002
104,June 2011,5351,247.08789023708346,103.7544629981023,207.89619865717606,0.0,68.10786090416667,39.19169157990741,90.85227000252821,9.55768525348654,1616.6220150639908,23535.969104999996,2865039.0300000003,411846275.43,1802694.8550000002
105,July 2011,5351,248.9014059934201,103.34479937670747,201.33716006168171,0.0,54.27715619985492,47.56424593173838,80.88154539155796,16.719672978269525,1883.1253458950293,23790.477434999997,2885250.3400000003,414910841.36,1844706.985
106,August 2011,5351,246.35024361689813,103.38012709718014,201.14391772655839,0.0,53.08808273148072,45.20632589033977,88.32647232702956,14.675800739996333,1838.0225896516042,24442.802434999998,2934980.62,422592449.25,1953641.7550000001
107,September 2011,5351,244.74371769077607,103.25225230207964,205.43330198584619,0.0,76.81276914919356,39.31041570492989,88.82536233641713,9.053591501847656,1733.243333333333,25150.802434999998,2986033.75,430613833.43,2087599.3650000002
108,October 2011,5351,246.04734211690817,103.10921070604155,208.32227982317525,0.0,87.14671888888888,37.725062293732954,89.40301081198955,7.822535097646367,1606.1839073324898,25477.877425,3007840.98,434020171.83,2144087.2350000003
109,November 2011,5351,243.39665284639554,102.8921318238465,201.0707850281206,0.0,65.30977023809524,42.32586781827493,84.39689419695048,11.52973852634591,1816.772896684271,25942.185755,3042884.87,439401409.40999997,2217673.6250000005
110,December 2011,5351,244.01825839063076,102.75397002160283,202.7682146419685,0.0,56.85986272569445,41.250043748662215,84.35415236192028,11.233401867946862,1846.4630044431508,26378.835765,3077051.27,444544322.74999994,2292071.4050000003
111,January 2012,5351,246.9703343241502,102.82478286551606,199.39794236432505,0.0,60.04440173245614,47.57239195982516,77.92795455956089,15.589444040203926,1653.0767683090298,26742.652435,3104360.5,448700481.46999997,2349589.785
112,February 2012,5351,220.38971518599308,105.06399729191644,179.0025190768278,0.0,39.50808424568966,41.38719610916525,84.60323440725584,10.328568370034258,1274.7424607683133,27435.319095,3141158.16,454299040.4,2404865.625
113,March 2012,5351,226.39169314264115,104.00664822242707,185.76108338169126,0.0,49.015910594173675,40.63060976094988,84.34610723068911,9.380369293510922,1124.6546214040923,28176.152435,3175903.75,459677229.07,2465091.535
114,April 2012,5351,221.09750643646572,103.44864717080378,187.21396670020687,0.0,99.93055555555556,33.88353973625887,86.21513374246454,3.199360725620567,1216.993,28896.152435,3212413.54,465350458.89,2537902.7750000004
115,May 2012,5351,226.61791435477667,102.74486954685244,193.64491731057774,0.0,99.05572200940861,32.97299704419891,85.84112383951019,3.4870846697850397,1134.5850186012947,29637.235775,3247465.5,470845846.82,2620780.0850000004
116,June 2012,5351,229.48164708710144,102.33185043932023,196.20969479979541,0.0,98.62692039583334,33.27195228730601,85.54643063244846,3.4681760481416024,1067.2052687334865,30348.402445,3279131.05,475826258.09999996,2700964.2850000006
117,July 2012,5351,230.07876220101235,102.05937064687714,197.58576950426104,4.582349462365591,99.93279569892472,32.492992696751315,85.9498196155056,3.126774015671471,1063.2483870967742,31092.402445,3312091.75,481007520.58,2784933.8450000007
118,August 2012,5351,230.56329300347224,101.92327956597222,198.13367616319442,14.761338576388889,99.99991567708334,32.42961684027778,86.40143614583333,3.1018446180555554,1040.6091666666666,31380.402445,3324579.06,482977999.97999996,2818250.3550000004
119,September 2012,5351,224.947358178201,101.93103463787554,178.16493762204937,22.17983766854435,57.83870833333333,46.78242055615165,66.55050753934191,13.918746858458512,1477.5965665236051,31410.227445,3326234.14,483223981.00999993,2821168.5450000004
120,October 2012,5351,231.71470720560606,102.06706476480491,191.9646692906892,21.430568208712177,68.06722010833333,39.75003791491687,84.17218411332767,9.530932863704649,1303.610216938188,32020.402445,3360178.16,488379038.85999995,2881229.9250000003
121,November 2012,5351,241.37880630880616,101.58133334988179,201.93941665794918,22.739124137263595,51.64039270833334,39.439389650856974,87.33497169680851,9.704846338504728,1164.3886666666667,32740.402445,3395109.8200000003,493864724.16999996,2968456.5650000004
122,December 2012,5351,242.9771741960076,101.48156784840847,206.80641247933832,22.723037864666814,58.26342751344086,36.1707617166693,86.28768996772125,6.882909828201928,1008.0867826034167,33451.402434999996,3425232.7100000004,498719613.21,3061980.0250000004
123,January 2013,5351,241.81487834234156,101.18352090053763,208.31236339553305,22.44050413749714,75.27015041666667,33.50251494680851,87.37555892044155,4.345719722460535,973.7032258064515,34195.402434999996,3455417.5100000002,503554330.40999997,3161764.4550000005
124,February 2013,5351,242.42142044042254,101.09426981489483,209.9647215159735,22.04708067979134,96.2487365625,32.45669892444901,87.40823947415721,3.390293488549439,955.0461260805647,34863.319104999995,3482013.04,507750662.26,3253885.0450000004
125,March 2013,5351,244.7821265179813,101.003245304626,210.33735149101787,21.308676206307634,70.79188773282341,34.444775026963455,85.03078985941555,5.806472236236797,860.5278084623596,35371.620774999996,3500829.56,510534455.05,3324503.7650000006
126,April 2013,5351,243.91531612335507,100.97159811870863,209.37643560271238,21.769249038413637,72.09794645833334,34.5388805206427,86.08027040324012,5.792911392036125,961.3697373038076,35928.954105,3523704.98,514210712.0,3403954.0250000004
127,May 2013,5351,238.60594963695868,98.63933720284842,206.07256780536372,22.351519870116125,97.71316129032259,32.53338183159494,87.74222045446217,3.5512788263499853,905.0926598283964,36662.454115,3551366.51,518736644.12,3513507.2250000006
128,June 2013,5351,245.43398193693466,100.79734940186601,212.8414711538036,21.275102095414095,91.93852991071428,32.59251078313106,88.14620643951034,3.6720794227373803,841.9502696275721,37292.537445,3573664.7699999996,522389387.01,3606920.465000001
129,July 2013,5351,246.16743031522233,100.2120650618733,212.80320328542822,21.17728243700732,89.60271355555555,33.3642270297941,87.587942734629,4.627177802650199,803.0902966090504,37952.537445,3596260.3699999996,525941665.02,3701466.375000001
130,August 2013,5351,246.60234974231088,100.58648715313757,214.10358019590691,21.641676560136634,97.54295533045978,32.49876954640398,88.21623712398178,3.430564924901829,752.810534401046,38640.362445,3617927.2699999996,529201228.57,3792919.545000001
131,September 2013,5351,235.41824649267812,94.45449144524203,204.31388273333158,21.16102178765978,85.82451576149425,33.32777480819715,87.025630701692,4.2393348741396775,663.9895002855557,39267.187444999996,3635797.9899999998,531909084.84,3885596.5950000007
132,October 2013,5351,250.7580716675071,100.31699642625397,217.73038329724113,21.41512625701577,92.16055024971264,33.02768837026593,86.68070574912934,3.638374312423697,654.3174681553663,39919.97493999999,3654239.0999999996,534666220.02,3982350.1650000005
133,November 2013,5351,251.00834853787075,100.17627523639793,218.0793281477522,20.861761743092853,93.37165549305556,32.92902039011854,86.86127207494368,3.5309848609526147,644.575159895783,40601.22493999999,3673487.76,537519799.72,4086088.0350000006
134,December 2013,5351,254.032298530488,100.10062191080215,220.77568013268058,20.198910290273606,83.7591139861111,33.25661839780742,85.38803867103586,3.846485043894796,560.1695407294737,41231.308269999994,3688983.73,539850323.71,4183395.3550000004
135,January 2014,5351,253.59764860775385,100.0415341110664,221.04542978895066,19.992584133697118,92.51678385416668,32.552218818803176,84.80631648756695,3.473566495821747,585.8601118195344,41904.558269999994,3705670.31,542277076.9200001,4290121.095000001
136,February 2014,5351,254.37748756978635,99.99199482307446,221.30858783186247,20.068912201917506,89.66801628858023,33.06889973792389,85.62999369890987,3.225255592803948,588.8650146669237,42503.16660999999,3720436.44,544438348.4900001,4386551.375000001
137,March 2014,5351,256.70171969627427,99.93472184596274,223.46662930296029,19.840077696278502,87.8040491058906,33.23509039331399,85.81139478499576,3.4130683959036348,508.3305535518734,43180.333269999996,3735391.28,546634731.5100001,4488052.555000001
138,April 2014,5351,256.62630852903965,100.00205944768749,224.25553886844548,20.88410180672058,96.36103386805556,32.37076966059418,87.37408800490853,2.925118509971275,565.0978755466118,43881.7916,3751963.52,549033619.6000001,4592914.845000001
139,May 2014,5351,257.80404117461813,99.9786775008085,226.16482898641405,21.188012603587268,95.58137544444443,31.639212188204095,87.72050480132022,2.6885853633316654,461.93278489952866,44583.2916,3765600.54,550977138.9700001,4691766.055000001
140,June 2014,5351,253.6868577891768,97.41188605349139,221.7490202827652,21.751078418581603,95.91990020833333,31.937837506411604,88.52706330216076,2.8114353042733957,445.91351773049644,45293.2916,3778858.5300000003,552928465.4500002,4795187.025
141,July 2014,5351,260.7434218733896,99.93549475602455,229.34888068612094,21.779646000213774,99.28374016801075,31.394541187268683,88.81872121330751,2.234083111908965,435.84195858026584,46036.374939999994,3792354.5100000002,554941378.0900002,4894952.1450000005
142,August 2014,5351,254.2448472237375,97.19848461182256,222.8650000968661,21.41608438630615,93.14527688301283,31.379847126871404,87.98317944750013,2.555615521131335,327.5881437745146,46636.15826999999,3800798.24,556275144.7300001,4977767.985
143,September 2014,5351,261.2948423295884,99.81003235463866,229.8819854307102,21.733065376617283,93.73997979166667,31.412856898878218,88.24903241419082,2.418392912140954,326.508319631082,47325.824929999995,3810420.45,557791849.1000001,5075709.355
144,October 2014,5351,261.54266399733467,99.66181503145161,230.46831972440515,21.607356785083507,99.93279569892472,31.074344272929537,87.49276413411118,2.326462318348204,324.59423225806455,48069.824929999995,3820496.6700000004,559350643.3400002,5180672.755000001
145,November 2014,5351,260.8207593899285,99.54782482208651,230.367017227602,21.136313914338885,96.15028115277778,30.45374216232654,85.90197296429572,2.6812684378870153,354.4165671691837,48778.324929999995,3830883.0800000005,560993736.0800002,5284057.625000001
146,December 2014,5351,262.42926397618436,99.57101107278552,230.07239342802984,11.613651403517698,95.33378688844087,32.356870548154504,86.76438487038969,2.5717068589718477,313.0366129580096,49519.15826999999,3840548.1900000004,562595686.3800001,5384312.565000001
147,January 2015,5351,263.83022705194094,99.51792920010782,231.92896804935972,12.243990323274888,93.47864127016129,31.90125900258119,86.08161727160874,2.620175423000361,302.10390194202455,50237.29159999999,3849669.1700000004,563952818.9800001,5479337.415000001
148,February 2015,5351,263.4098655753198,99.50915610009338,232.41441473041868,13.21102018669295,96.26232740456781,30.99545084490112,86.682363836068,2.3291532372340096,261.0791555183939,50892.34992999999,3856847.97,565045390.0200001,5571181.875000001
149,March 2015,5351,265.18918500260713,99.62097077531773,234.20972981419044,13.80419532183363,98.52150978085554,30.97945518841669,87.34991222285535,2.249702675224217,260.2916129032258,51636.34992999999,3864917.0100000002,566240914.2700001,5678636.205000001
150,April 2015,5351,266.06962802718675,99.64288001521868,235.32899955466902,14.207059277777777,99.72222222222221,30.74062847251773,88.27926553309693,2.166783519503546,256.24,52356.34992999999,3872604.2100000004,567362150.7700001,5779939.265000001
151,May 2015,5351,266.2055433682224,99.57657861516243,235.56542576141044,14.298254425617708,99.79838709677419,30.64011760681194,87.79151319291924,1.9211053099977122,230.57387096774193,53100.34992999999,3879752.0000000005,568404657.5900002,5882866.735
152,June 2015,5351,266.3291238667818,99.51010322061765,235.78443577889345,14.629717274726746,99.1252715763889,30.54468808788832,87.84176207233114,1.954529845763329,202.60473037958653,53819.16659999999,3885821.9300000006,569293713.4500002,5983233.805000001
153,July 2015,5351,266.9807232927236,99.52313703050135,236.48395178199988,15.070228279190903,99.26632264784946,30.496771510723732,88.18248379551903,1.9304414237414769,217.45098707843295,54560.20853999999,3892542.670000001,570292855.6900002,6079458.345000001
154,August 2015,5351,267.13997240755793,99.4501119460741,236.68270863751474,14.21490947576541,95.75059197530864,30.45726377004318,87.17075079923208,1.9062392153944927,183.11190501615326,55189.60034999999,3897418.980000001,571030360.2200001,6159054.985
155,September 2015,5351,266.56133112852814,99.22897533934528,235.76203959712717,12.74067270946789,97.09681086805556,30.799291531400993,87.44714947988452,1.7893879065793301,176.8130945687211,55908.675209999994,3902719.390000001,571829595.0800002,6243566.295
156,October 2015,5351,264.04360312688544,99.47669007971596,235.91539029505125,13.046542298984068,97.4772499126344,28.128212831834183,86.95278708937683,1.884936448692376,182.21433009966793,56650.59187999999,3908354.250000001,572692825.3600001,6341431.265
157,November 2015,5351,265.8475787737167,99.51176454473367,237.23024779858332,13.496889111165087,98.65162295138889,28.61733097513331,87.4155494177928,1.7496066008881244,181.17035928452796,57370.091889999996,3913785.810000001,573527933.7800001,6437492.345
158,December 2015,5351,266.09263849292523,99.54332805254418,237.8037112823409,13.742108461420624,96.28302325268817,28.288927210584344,86.40526892124059,1.9902421354006918,166.91998426435876,58110.591889999996,3918943.900000001,574318065.1400001,6532086.095
159,January 2016,5351,266.648722281745,99.55663444716954,238.03818477629312,14.120475656188717,94.89344102822581,28.610537505451884,85.69495327057527,2.1248309891399706,149.90504640674666,58846.925209999994,3923550.2000000007,575039189.0100001,6629233.8149999995
160,February 2016,5351,266.7555255842922,99.54605659700907,238.2788401812957,18.87795083149919,98.93096119971264,28.47668540299646,87.34095315952905,1.7575781496811902,135.9986432371422,59542.508539999995,3927491.9700000007,575660847.7400001,6715591.664999999
161,March 2016,5351,267.5564468709336,99.62535252193597,239.260156928525,21.033667635729156,98.7410927688172,28.29628994240856,88.03155615209724,1.885347353200937,121.96641471248432,60280.1752,3931245.7700000005,576265758.9000001,6813710.904999999
162,April 2016,5351,268.14224733465824,99.59466430780324,239.0157904812925,22.148519494425617,83.71659890277778,29.126456853365745,87.60100147010374,3.120180861917391,104.247796012233,60996.00853,3934358.1800000006,576780173.32,6905645.8549999995
163,May 2016,5351,270.7801618525986,99.76936814292114,239.26795148521506,22.514045275537637,42.85257321236559,31.512210367383513,87.65153179659498,5.693318918010753,104.40752688172043,61734.00853,3937571.1400000006,577287030.35,6995061.404999999
164,June 2016,5351,269.827620892247,100.0529807182708,238.94205045734734,23.435211800720474,47.76746599305556,30.88557043489967,88.5427999278992,5.303037900055344,103.04484847980417,62450.09186,3940646.1700000004,577782134.0500001,7083442.124999999
165,July 2016,5351,268.13483183423415,100.28350783026195,238.6597062286861,23.824945621237198,69.14079091346153,29.47512560554804,89.17521636186919,3.8807792801088303,105.86747755049146,62751.31686,3941973.0300000003,577997422.57,7121334.644999999
166,February 2008,5599,293.8610690118464,105.75708262819518,180.9669534201865,12.953069843862453,28.958614991617917,112.89411559165984,68.5268275274718,80.95047293309013,2866.782627923753,406.62499,49091.06,7068009.29,412.61
167,March 2008,5599,278.4530696525579,105.86511704431891,175.93474668615232,8.29607037576896,30.88528076148628,102.51832296640556,72.43251606408047,70.25519148771814,3063.3808270871536,1061.73333,132452.32,19259180.2,440.03000000000003
168,April 2008,5599,264.30044095867174,105.7917791043661,171.28892128590385,10.769636644625995,31.09720066754596,93.0115196727679,72.2989356959762,61.739942961815906,2893.9936818801734,1675.37999,206984.77000000002,30765620.939999998,984.3600000000001
169,May 2008,5599,262.8643245753043,102.65950782086756,177.28904089606795,14.635814675671371,38.47891472544038,85.57528367923632,78.92648921264232,52.64039229476149,4206.944319444273,2391.57166,332463.33,49857492.45999999,17264.48
170,June 2008,5599,258.08247106685076,104.95806635382932,183.7038938882529,13.444750819837155,42.91288706218758,74.37857717859784,79.95626125618598,45.51662913047496,5027.498822668319,3066.98835,476227.24,71358097.19,17738.81
171,July 2008,5599,264.4628094782393,106.14724441133691,175.4126226119122,11.366612629888564,41.66302943251514,89.05018686632702,77.4216603764413,56.60606713516852,3944.3691493468114,3777.73,591221.85,88474538.97,18028.83
172,August 2008,5599,261.1179012434834,106.08633628168056,172.95147603410138,10.915935351349974,43.09314833928571,88.166425209382,75.90084557997474,55.57127144507673,3420.889510774551,4450.56334,689044.3099999999,102617547.21,18383.010000000002
173,September 2008,5599,252.0148893722277,105.99130203701444,168.51165879320962,12.726183479575962,41.35790008812485,83.5032305790181,72.37315758508538,51.373116113792854,3266.0437902566077,5018.538329999999,766711.2599999999,113803491.61999999,18571.4
174,October 2008,5599,237.27809706581044,106.01431940517784,162.92732375393368,12.49974176065034,43.33736873933452,74.35077331187678,73.39508372195822,42.43275448294,3069.8591878441594,5755.038339999999,861068.4899999999,127234325.57,19195.45
175,November 2008,5599,225.06958214899208,106.36058711146511,167.22526241447318,14.526101693437555,65.54965967114669,57.84431973451889,77.23501477401199,24.826954820192377,4978.837201709399,6467.705009999999,1006984.0499999998,148071447.82999998,21585.760000000002
176,December 2008,5599,237.606766367965,106.5647896768474,173.28035908301877,16.862821759036834,63.82091534946237,64.32640728494623,78.8974082805708,30.827158711393274,5369.021612903225,7211.705009999999,1173423.7199999997,172177809.57,22589.070000000003
177,January 2009,5599,259.4149225560747,106.54136398931206,179.50049399537644,18.711878208706946,54.9900828877396,79.96862511983805,79.1112560256871,46.54551120415335,4977.790364130804,7952.5383299999985,1327100.8799999997,194433033.59,22978.83
178,February 2009,5599,274.4868037787357,106.63146820897748,183.94389020225026,19.35250576481496,49.69676079040306,90.54291357648545,80.58637305231677,57.40582236465434,4418.528139363776,8608.846669999999,1449005.8899999997,211860085.13,22978.83
179,March 2009,5599,274.47680525703714,106.45626572659607,185.62824172273068,13.047794858440314,47.690744478207264,88.84856353430649,74.58962934015423,57.18639987831344,4364.539970840398,9115.180009999998,1541964.5999999996,224983632.12,22978.83
180,April 2009,5599,235.30652124894124,106.51894414451044,173.9141313494839,13.007128790372173,65.42352457638889,61.39238989945732,79.72325802778086,28.496874066657618,5036.673929675262,9834.346679999999,1692920.2799999996,245914739.93,24225.120000000003
181,May 2009,5599,232.04234195197066,106.56914324701377,171.50065976355089,17.621471523720256,62.765936471230155,60.54168218841979,79.38227653161812,27.886274913252738,4847.413573517612,10529.51334,1833959.2899999996,265281593.36,27331.61
182,June 2009,5599,230.5545422980387,106.53499323312941,170.99531402514452,16.79903347130692,64.93438990013748,59.5592282728942,79.90300340454637,27.114646458218942,4480.7324942430505,11244.83,1966388.9999999995,283069069.01,29990.24
183,July 2009,5599,236.13620589678484,106.47071148320472,167.8760653794572,16.468441866952023,50.455069266596546,68.26014051732763,79.36340320200914,36.29111692047379,3430.2422220758563,11986.99666,2072494.2499999995,297791036.21,33279.68
184,August 2009,5599,241.7788648735154,106.68078303799166,178.44952852412868,18.616878511896655,63.626328508535565,63.32933634938671,80.07011951815727,30.671540128300723,4515.894985407928,12575.821660000001,2184896.5399999996,313454086.15,38303.62
185,September 2009,5599,253.97843904270414,106.66793909775691,181.85553888186848,19.795299465982072,56.50929375338987,72.12290016083567,80.49008395399996,38.92969336719709,4396.4681840661615,13068.571660000001,2274963.3999999994,326006215.92999995,40538.590000000004
186,October 2009,5599,257.91138913443785,106.72573384308701,183.61186408871237,16.762077911374604,54.5754724634458,74.29952504572547,79.58074836517434,41.57200642885503,4517.977999282432,13740.817490000001,2401903.0499999993,343825910.2099999,47351.380000000005
187,November 2009,5599,255.7723561850195,106.92851662942157,187.17982311267588,15.82924087287959,61.72904622384693,68.59253307234363,81.27003622013795,35.44743555476643,4626.15664965953,14446.567500000001,2537918.7299999995,363007493.7899999,58638.25000000001
188,December 2009,5599,251.3044380562222,107.03195365630117,190.28709542447933,15.93444785856573,70.92869365957044,61.01734263174288,82.31820675740052,27.40992946100567,5294.015800515907,15175.067500000001,2695920.2499999995,385168356.2399999,75959.45000000001
189,January 2010,5599,248.0747830083335,107.15049880417924,191.91633098611072,17.576295083537374,74.86441330645162,56.158452022222754,82.25983882284844,22.655686793336212,4867.760000306636,15917.234160000002,2845579.0799999996,406212960.2599999,106189.72000000002
190,February 2010,5599,255.05733214461907,107.25847055281153,198.78520719653403,22.30932766366832,71.78404344708372,56.272124948085015,84.2306417412142,23.365140696573125,4046.5658793484586,16525.959160000002,2948605.0799999996,420733550.19999987,149405.38
191,March 2010,5599,250.17040126123317,107.27912833297775,196.70990208946978,26.500178296886997,75.96486412637242,53.46049917176341,84.50884521589997,20.045503737575242,3776.089188076895,17173.62582,3050176.6899999995,435012068.9999999,203403.88
192,April 2010,5599,254.71759356604377,107.28480011819558,203.19216171060205,26.045259776831596,75.43303495138889,51.525431855441745,84.51239030584183,18.20468201804702,2968.761207853633,17879.62581,3136430.2999999993,447173214.9299999,271399.97
193,May 2010,5599,267.3074118840673,107.31359379821468,210.1224177364839,27.543628521396865,56.44227886693549,57.18499414758342,86.90197111113237,23.834230784943884,2521.4615792626246,18612.79248,3213543.8599999994,458143596.2299999,345838.27999999997
194,June 2010,5599,280.73609246525183,107.31260622591763,217.71252934604908,28.268094039180028,50.97153719815757,63.02356311920273,88.17457327927792,29.955200256753816,2329.4906280358045,19329.95915,3283161.2299999995,468088130.4999999,429106.63999999996
195,July 2010,5599,279.5193238020208,107.34339702289144,223.44060791535162,25.747452803923608,58.55641273463067,56.07871588666917,89.07022228261943,23.172909677729127,2070.4642457033065,20072.29249,3347200.9199999995,477371507.26999986,524160.7899999999
196,August 2010,5599,286.3404145751629,107.20584579455209,222.72970743282966,22.41110227471027,47.049054547690325,63.61070714233327,87.39392379726824,31.079627684792083,1690.9990944850879,20499.55083,3377318.2799999993,481717476.35999984,578948.44
197,September 2010,5599,279.2663443258072,107.30422218163662,222.11283772901922,23.747903756812594,54.35471139297899,57.15350659678799,86.73004155242081,24.818633992229152,1854.194112577471,21144.30082,3428631.2099999995,489467687.23999983,668377.24
198,October 2010,5599,97.00729813206055,37.881608774389534,111.15972637090911,22.469683273134816,51.93940201190231,54.56660694812239,87.69568902926612,21.947090268816826,1659.455677480305,21886.30083,3480061.7899999996,497209064.47999984,767920.11
199,November 2010,5599,0.0,0.0,50.777496343248245,22.63079077288743,52.66097188541286,50.777496343248245,87.83948002676901,18.20479067368696,1533.382713945964,22576.63416,3524530.2399999998,503956142.1199998,870155.76
200,December 2010,5599,0.0,0.0,52.458523042461856,22.632750321700524,50.74973652962833,52.458523042461856,88.11067247347574,19.813602541647093,1463.1826144917677,23317.967490000003,3569748.1999999997,510866802.5799998,981491.65
201,January 2011,5599,0.0,0.0,52.88136802805422,22.033844824267902,50.38037483198924,52.88136802805422,88.00592136867994,20.254525870224207,1444.4444337680166,24061.467490000003,3614494.7499999995,517690803.4699998,1098377.19
202,February 2011,5599,0.0,0.0,47.859886881578795,21.16616784103662,52.83235250700358,47.859886881578795,86.94713586781387,15.526187075137857,1251.2518203075338,24618.717480000003,3643652.2399999998,522210030.5399998,1183651.3699999999
203,March 2011,5599,0.0,0.0,45.842462842922906,24.240214586921095,59.11095428734221,45.842462842922906,89.5670291128479,13.30732170138578,1228.0845950190992,25348.550820000004,3681047.2899999996,527970249.74999976,1296890.72
204,April 2011,5599,0.0,0.0,40.88739381614907,24.703310038320026,77.30862602733451,40.887393816149064,91.15120069869266,8.334992791769544,1264.0577830516047,26066.467490000003,3718867.01,533847710.61999977,1413087.1
205,May 2011,5599,0.0,0.0,39.5467194857783,23.35170720571332,88.37364076717647,39.5467194857783,90.8871634668138,7.068465857431424,1213.085094818935,26802.50916,3756071.7199999997,539649450.9099997,1532654.57
206,June 2011,5599,0.0,0.0,38.26727351083971,22.935332253008383,88.64904557708334,38.26727351083971,91.63302301631708,6.0012140147661945,1145.7747347357977,27265.775830000002,3778097.78,543061476.6799997,1607218.01
207,July 2011,5599,0.0,0.0,41.02208795809375,11.931249211886572,71.90517413649191,41.02208795809375,85.3797979347483,9.823755996849389,1204.564859282552,27511.022520000002,3790560.1999999997,544885228.0299997,1639105.52
208,August 2011,5599,0.0,0.0,38.367901165720674,21.44055698962935,88.12104713662394,38.367901165720674,91.0662598517099,6.944835932597455,1338.988474239572,28162.515840000004,3826940.3499999996,550331744.5599997,1738110.3900000001
209,September 2011,5599,0.0,0.0,38.10437130345575,21.607075192114262,74.06120573148148,38.10437130345574,90.88825509873315,7.021258280248199,1013.2626666666667,28869.515840000004,3856939.5199999996,554898151.3199997,1848582.2300000002
210,October 2011,5599,0.0,0.0,37.34183997340616,20.092857488959396,69.03336215277777,37.34183997340616,90.46740815198754,6.87900385663262,918.1993920201784,29195.177500000005,3869587.0199999996,556817815.5499997,1901458.0300000003
211,November 2011,5599,0.0,0.0,39.044959988534174,16.79221702463466,71.99165719246032,39.044959988534174,87.9471205240277,7.284937936232832,1122.6408602515341,29654.510840000006,3891376.0699999994,560060249.2299997,1977230.9600000002
212,December 2011,5599,0.0,0.0,39.647264391969735,13.058148768473968,55.70280884920635,39.647264391969735,87.8216777695344,8.196948122307859,999.2936879192899,30075.024170000008,3909466.2699999996,562710735.4499997,2041897.9400000002
213,January 2012,5599,0.0,0.0,40.85566655874616,12.715545598647898,63.52886344298245,40.85566655874616,84.72568722522004,8.783191178826998,1054.3604987961487,30474.68251000001,3927684.1199999996,565433308.8999997,2105755.6500000004
214,February 2012,5599,0.0,0.0,35.22152919228422,12.576272845496858,99.0806058045977,35.22152919228422,90.48653866399269,5.937807371967946,953.7086781573187,31163.44084000001,3955046.3799999994,569723233.7299998,2239710.5800000005
215,March 2012,5599,0.0,0.0,34.88909655387531,11.990344961672015,97.74341804260169,34.88909655387531,90.9991000122243,5.661522746614169,864.540244472107,31903.85750000001,3981726.2599999993,573999419.6499997,2381894.590000001
216,April 2012,5599,0.0,0.0,34.39287284479352,12.356412140030113,98.58409744444445,34.39287284479352,91.11689116777627,5.5319899626190345,812.3281695169284,32614.149170000008,4005814.6099999994,577865569.8399998,2520007.020000001
217,May 2012,5599,0.0,0.0,33.90660376654417,11.555882906860415,99.22641559139784,33.90660376654417,91.24898597956356,4.946908860225862,728.4238955433683,33351.840840000004,4028229.7599999993,581496528.1099998,2660210.450000001
218,June 2012,5599,0.0,0.0,34.36652443340555,10.893548251619839,98.54294150694444,34.36652443340555,90.95403762112367,5.030690955727655,703.110308093912,34063.17418,4049117.139999999,584891174.4699998,2794291.6900000013
219,July 2012,5599,0.0,0.0,33.74110243651338,10.686700687056737,99.93279569892472,33.74110243651338,91.70448490848776,4.673059777653855,684.0948387096773,34807.17418,4070324.079999999,588335943.1599998,2934456.220000001
220,August 2012,5599,0.0,0.0,33.475375503472215,10.636393576388889,99.99999366319445,33.47537550347222,92.04240071180556,4.7767468229166665,697.1066666666667,35095.17418,4078689.359999999,589699974.8699999,2989700.680000001
221,September 2012,5599,0.0,0.0,34.04695521485354,24.359560734999548,57.129833749999996,34.04695521485354,82.45639763380322,3.467297649058132,1186.1620493973246,35122.16584,4079703.289999999,589856895.2699999,2994213.760000001
222,October 2012,5599,0.0,0.0,32.69171836223328,19.69608852845829,94.2357060308642,32.69171836223328,89.59223650756556,5.320344911314358,755.1292303992304,35732.340840000004,4099316.139999999,592924480.6699998,3115531.1900000013
223,November 2012,5599,0.0,0.0,32.12747684722222,16.361476601654847,98.56151815277778,32.12747684722222,90.61775775132978,5.057386110815602,633.9626666666667,36452.340840000004,4118335.019999999,596010920.4299998,3250440.550000001
224,December 2012,5599,0.0,0.0,32.06358974932049,15.062214602842847,93.11147194892473,32.06358974932049,90.02573303894769,5.127962022893748,557.2002732712543,37152.59083,4134655.669999999,598728210.4599998,3382107.9800000014
225,January 2013,5599,0.0,0.0,33.02345106754747,14.82156742536033,98.28038393145161,33.02345106754747,90.25442759823267,5.203138886410432,561.5667741935483,37896.59083,4152064.239999999,601609389.4199998,3521891.9100000015
226,February 2013,5599,0.0,0.0,33.73952555534448,14.496909117591185,98.97571157738095,33.73952555534448,90.46645201826875,4.841891090108916,538.835,38568.59083,4167151.6199999987,604070637.9399998,3648217.3500000015
227,March 2013,5599,0.0,0.0,32.97312025342224,13.435681925527177,76.86306350939765,32.97312025342224,89.53828283989886,4.220145235571979,481.80393579906286,38876.35916,4173457.429999999,605124303.5599998,3705338.1100000013
228,April 2013,5599,0.0,0.0,33.95439035950214,14.130447053502566,91.82086964673913,33.95439035950214,88.46472075569574,5.429480854070637,562.5302129440195,39389.82489,4185808.7699999986,607179595.4199998,3808283.5400000014
229,May 2013,5599,0.0,0.0,33.969336885360164,14.89848430368122,97.77549434811827,33.969336885360164,90.81017670058989,4.9498645728088535,533.6868903093899,40121.88323000001,4202122.169999999,609937350.5899998,3955448.2300000014
230,June 2013,5599,0.0,0.0,33.73185173793665,14.490104895845034,94.50669014202127,33.73185173793665,91.3057224504828,4.795724737490376,497.2376519211328,40688.55823000001,4214021.739999999,611974570.4199998,4068007.300000001
231,July 2013,5599,0.0,0.0,35.21506998265825,14.170603037601357,78.0564731968391,35.21506998265825,90.3991660152114,6.103827389336649,454.9512685610633,41268.99156000001,4225868.569999999,613891891.3499998,4179965.220000001
232,August 2013,5599,0.0,0.0,33.43809677503349,15.027097607091301,98.2464737571839,33.43809677503349,91.34838484257943,4.606074731444304,527.737254449946,41956.96841000001,4241015.749999999,616246132.8399998,4332960.130000001
233,September 2013,5599,0.0,0.0,37.12043771254751,14.187199152604505,70.39315705357143,37.12043771254751,89.10622257977262,8.572302577172106,361.8145577036588,42546.95341000001,4250239.279999999,617692952.1499997,4437638.540000001
234,October 2013,5599,0.0,0.0,33.03299031085736,14.591694515312735,89.97798452795699,33.03299031085736,89.36192384885302,4.197288733928133,294.9010069016878,43219.90757500001,4258544.289999999,618976535.6499997,4575173.160000001
235,November 2013,5599,0.0,0.0,32.78827978467551,18.04084877995877,94.83960310267857,32.78827978467551,89.88221511707305,3.914936621010034,263.35396873513133,43868.54924500001,4265714.849999999,620079497.8799998,4698166.3500000015
236,December 2013,5599,0.0,0.0,32.88079311506518,19.400589110091357,89.45817581944445,32.88079311506518,88.69312892016497,4.047196604434482,270.42348112393995,44501.94924500001,4272794.369999998,621180886.4099997,4824025.610000001
237,January 2014,5599,0.0,0.0,37.05235589052152,17.914685731952158,70.39551644166667,37.05235589052152,84.35859399879335,8.47087771614708,232.41438638664292,44988.09092500001,4277791.6099999985,621947082.1299998,4911055.870000001
238,February 2014,5599,0.0,0.0,33.16270012714452,19.642073729606974,88.2262272275641,33.16270012714452,88.81236503008404,4.362887237101332,257.2315311785414,45549.99092500001,4283893.009999999,622869049.1399997,5021353.730000001
239,March 2014,5599,0.0,0.0,33.57411077742282,19.10750892906444,85.86803014375877,33.57411077742282,87.48524186662696,4.550908201396881,244.33999454297475,46206.715185000015,4290728.669999999,623905120.3199997,5148704.910000001
240,April 2014,5599,0.0,0.0,34.73219461122278,19.595384452708103,85.31192785416667,34.73219461122278,89.3286878910603,6.135773316830183,200.47954006970087,46899.733515000014,4296620.679999999,624788725.3199997,5289849.730000001
241,May 2014,5599,0.0,0.0,33.52746755656726,18.573021910799874,85.78726807291666,33.52746755656726,86.9003161350712,4.668652239958189,172.3449739977834,47327.06350500001,4299858.379999999,625258389.3199997,5378597.990000001
242,June 2014,5599,0.0,0.0,32.40161082917473,20.251449829358208,97.01570591666668,32.40161082917473,90.84340704541391,3.635114631344281,195.37101035607296,48034.396835000014,4305609.579999999,626105123.0599997,5530632.670000001
243,July 2014,5599,0.0,0.0,32.621721904175445,19.96602409925718,98.1313231922043,32.621721904175445,90.64095726943918,3.6211487790323003,187.05588443489248,48777.56350500001,4311401.419999999,626969168.9899997,5682947.050000001
244,August 2014,5599,0.0,0.0,32.40659787032733,19.449778274210964,95.15035616185898,32.40659787032733,90.14153840248561,3.5912578085311706,179.8492014568992,49370.93016500001,4315849.909999999,627673707.1499996,5809576.140000001
245,September 2014,5599,0.0,0.0,32.61418691658927,19.797709519801437,94.19058272916666,32.61418691658927,90.83641935778023,3.633314440630696,177.71875739747395,50056.763495000014,4320912.499999999,628477677.8199996,5958951.920000001
246,October 2014,5599,0.0,0.0,32.710421867924964,19.404533132864334,99.15644648521506,32.71042186792496,89.49786740220773,3.976588570035461,173.48771612903226,50800.763495000014,4326298.109999999,629310798.3899996,6114317.600000001
247,November 2014,5599,0.0,0.0,35.13647365273577,18.441735900284417,91.70857427083334,35.13647365273577,87.39726898203455,6.409404957123399,187.1666723480797,51381.705165000014,4330793.169999999,630011796.6099997,6228978.300000001
248,January 2015,5599,0.0,0.0,72.2178884859503,26.189007142943282,29.60324881048387,72.2178884859503,64.74148976001548,43.071783555919616,846.0130727108437,52097.288495000015,4356505.719999999,633792256.0399996,6240566.5200000005
249,February 2015,5599,0.0,0.0,55.15289727966534,28.263858712873194,33.348781338638716,55.15289727966534,70.15363448922616,26.494963784958376,760.6756929248653,52720.085155000015,4376084.269999999,636752930.2799996,6255682.0200000005
250,March 2015,5599,0.0,0.0,52.1278437990882,28.00155361890165,33.10969612193903,52.1278437990882,72.068467559193,23.365473286916306,675.6468311229,53385.210155000015,4395425.699999998,639606363.1099997,6274937.680000001
251,April 2015,5599,0.0,0.0,48.19465895183215,27.046195152777777,35.13046788194445,48.19465895183215,73.6161341124409,19.38686024010047,659.8853333333334,54105.210155000015,4415222.259999998,642495758.0699997,6295745.74
252,May 2015,5599,0.0,0.0,46.29735130547929,26.277182110929992,35.12146129032258,46.29735130547929,73.0973636580588,17.575426999685426,548.2735483870968,54849.210155000015,4432218.739999998,644975378.4699997,6320946.57
253,June 2015,5599,0.0,0.0,32.22244686497999,22.92831931196729,81.02521056944444,32.22244686497999,78.10719132718769,3.370781616606917,657.479869649094,55558.526825000015,4451755.039999998,647835085.5699997,6353849.25
254,July 2015,5599,0.0,0.0,29.521948662777397,20.3528183007321,99.86559139784947,29.521948662777397,79.45134838509495,0.7658789987989019,617.9822580645161,56302.526825000015,4470912.489999998,650681906.4899997,6390329.78
255,August 2015,5599,0.0,0.0,29.42287579199189,18.267555731511166,97.93187070987653,29.42287579199189,80.19315090947639,0.7094649418042197,508.8918441120079,56939.210155000015,4484385.759999998,652729027.1999997,6421958.8
256,September 2015,5599,0.0,0.0,29.631214253339444,12.342854829073561,98.81595311111111,29.631214253339444,80.40440496436705,0.7023726572373294,416.8221022211209,57658.535015000016,4496880.269999998,654617075.8599997,6457024.16
257,October 2015,5599,0.0,0.0,27.08798156112618,14.41289128508415,98.58371267473117,27.08798156112618,80.3607289573003,0.814949734192669,386.26041213155077,58397.201685000015,4508768.899999998,656438404.0099996,6495175.28
258,November 2015,5599,0.0,0.0,27.408750569996982,19.666073746732543,99.7310682361111,27.408750569996982,80.1817484657866,0.6615687763779728,379.2489449156263,59116.70169500002,4520138.379999998,658186715.3599997,6532837.78
259,December 2015,5599,0.0,0.0,27.07990520059297,18.996132561942897,98.73932229166667,27.079905200592968,78.92929538535786,0.7180751004778465,355.79811519446736,59848.035035000015,4530994.349999998,659849168.5399996,6570125.78
260,January 2016,5599,0.0,0.0,27.710712485847466,18.5675334291006,96.08860877688173,27.710712485847466,77.53894679993674,1.1640474778985608,309.21769337425707,60584.53502500001,4540489.329999998,661336508.5999995,6609095.640000001
261,February 2016,5599,0.0,0.0,27.274604802629497,18.420459873970675,99.41731201149425,27.274604802629497,78.71064165084096,0.7678783899489287,263.73883513116226,61280.11835500001,4548133.449999998,662542057.6999996,6644349.100000001
262,March 2016,5599,0.0,0.0,26.869875173562413,20.203945593443198,100.0,26.869875173562413,81.3355143159771,0.6581056270453483,237.70600280504908,62023.11835500001,4555493.379999998,663727951.2599995,6684856.3100000005
263,April 2016,5599,0.0,0.0,26.55114716430588,21.28212249477116,99.55078605555556,26.55114716430588,80.33405599422132,0.6162688722582205,205.35703491825328,62741.951685000015,4561645.549999998,664742985.6199995,6721982.350000001
264,May 2016,5599,0.0,0.0,26.269733997180698,20.68350164666929,99.00866202284946,26.269733997180698,79.51692285716628,0.6082482912077105,190.00381589299764,63482.451685000015,4567510.679999998,665668499.4599996,6758130.130000001
265,June 2016,5599,0.0,0.0,26.306863780675304,20.526658265483054,97.22185043055556,26.306863780675304,80.14860547476604,0.6286983081250722,184.059337793324,64185.71001500001,4572918.989999997,666539032.8599995,6792738.580000001
266,July 2016,5599,0.0,0.0,29.12012126248175,19.472305123619524,58.369710725806456,29.12012126248175,74.78595362535812,5.526288554464553,153.941209533028,64889.43594500001,4577452.809999998,667268352.0199995,6822678.760000001
267,August 2016,5599,0.0,0.0,32.249147586492114,18.919474971548908,30.344144548611112,32.249147586492114,68.1848087561863,8.89122495895141,120.99945338091148,65175.32761500001,4578894.839999998,667500909.7299995,6833615.9
268,January 2014,7289,205.73603003989362,106.19209832446808,158.7225630002046,13.968350651936715,9.413175048076923,47.01346703968904,22.164337410665574,18.44964311477087,432.4172669248079,312.0,5674.63,820968.96,0.0
269,February 2014,7289,202.00268093979483,106.31789596298397,156.36674041837256,16.096960857158635,3.3940646219135804,45.63594052142225,27.360069107240854,16.056067624010215,316.4546374271124,907.65001,13573.23,2017152.8499999999,0.0
270,March 2014,7289,201.58106553228333,106.36611556141213,156.6791825778943,19.233144114386217,4.32417118951613,44.901882954389045,29.38646042511363,15.20323959398405,271.33106150851467,1578.4000099999998,20654.7,3093516.8,0.0
271,April 2014,7289,200.66403988824214,106.57586602539403,155.42876457471274,21.926741666351514,12.084126375,45.235275313529385,30.047450226825614,16.09944657017111,245.3136230868129,2279.27501,27818.0,4167787.13,0.0
272,May 2014,7289,198.6844212604381,106.60110871768474,156.1173181357241,19.49138614361702,12.248254059139786,42.56710312471402,32.332731105153286,13.780461581874858,232.8583870967742,3023.27501,35036.61,5181787.15,0.0
273,June 2014,7289,200.62844026198346,106.55597069682337,157.647905613898,17.958610184917106,11.59629695138889,42.980534648085424,33.801141422514654,14.272227259428819,236.73580817461294,3732.60835,42049.16,6214011.630000001,0.0
274,July 2014,7289,199.3815029651586,106.60838972921921,157.68803492160168,17.622037650621824,11.544358004032258,41.69346804355691,34.69079857770475,12.902785044428054,223.75475554642352,4465.27474,48896.58,7235015.94,0.0
275,August 2014,7289,200.06452476722782,106.57417568604872,158.97066836571307,16.329666720470005,11.386829923245614,41.093856401514756,33.493619720247274,12.47635686054445,192.6118596491228,4898.59974,52371.97,7761627.010000001,0.0
276,September 2014,7289,203.29501960721856,106.63571283637334,158.75168606499176,19.72334501598588,10.906990280172414,44.543333542226804,33.485545612092395,15.782523904072274,201.2386847936644,5546.05808,57686.520000000004,8594875.66,0.0
277,October 2014,7289,200.3806044641686,106.65521433453787,159.2751376077509,16.402834489303697,11.214359105913978,41.10546685641773,30.494581935981653,12.603229037185319,187.40284459878708,6279.39141,63419.490000000005,9481754.82,182.78
278,November 2014,7289,200.082284318054,106.5961735534901,160.12985589318154,14.43836357524885,11.076784016666666,39.952428424872465,27.85236369689561,11.386573296581437,189.39179649122806,6876.76641,68135.8,10213806.94,375.65
279,January 2015,7289,211.00265169778012,106.59114636297726,165.3333689773459,16.05722941268335,10.15179875672043,45.66928272043421,27.23707524995936,16.471635976802062,202.83831776833756,7574.23307,74111.31,11092680.53,583.4399999999999
280,February 2015,7289,200.43533593590965,106.32316782958976,165.62755270481497,14.029955725594343,10.944096844591098,34.80778323109465,25.071117726604864,6.102290137083158,168.98262095461305,8223.62473,78692.59999999999,11789640.68,842.43
281,March 2015,7289,201.4637414728783,106.3184215277796,166.58808331787375,14.582191208814955,9.939475987631186,34.87565815500456,25.566467476381256,6.075943593248821,146.14530349281577,8889.2914,82826.06999999999,12399861.1,1152.17
282,April 2015,7289,199.9849682260638,106.45660281693263,166.62105986968083,15.7499279339539,9.926841465277779,33.36390835638298,28.569511166666665,4.510676169326241,141.99733333333333,9609.2914,87085.98999999999,13021232.24,1470.2
283,May 2015,7289,200.38873980851443,106.3779647310878,168.29487343637805,14.414454213323092,9.875361209677418,32.0938663721364,27.423862964881906,3.5035166923194083,132.04924130963684,10346.45807,91143.95,13613122.52,1771.97
284,June 2015,7289,200.52638446806793,106.245701135941,169.54365150374605,12.92491366517202,10.372671618055556,30.98273296432186,29.17077379131626,2.312520513682677,122.37793927253394,11065.441410000001,94809.75,14150145.32,2063.54
285,July 2015,7289,200.58412696076846,106.25743660137826,169.93857725315348,12.952873521117777,9.993274328703704,30.645549707614983,30.111152323664573,2.0018923560346957,127.11812244436948,11485.625020000001,97048.2,14480087.23,2248.29
286,August 2015,7289,240.19571997357053,106.19501136273621,185.32678459291222,19.529521667209938,7.901961458333333,54.86893538065832,40.99896846846461,26.211774286032075,309.2168205632378,11761.915990000001,100625.87,15022373.15,4104.87
287,September 2015,7289,221.44676301104298,106.35633818152535,180.7040938326172,15.056626710876252,9.731563159722223,40.742669178425786,43.78611228022469,12.014034855010527,247.4947825658896,12481.074040000001,108043.22,16143619.83,8091.49
288,October 2015,7289,219.9832928768805,106.35538235425648,185.71587681562565,14.745902706210705,10.493836002150537,34.267416061254885,40.426834879323025,8.183268192290793,204.95370529605538,13224.240710000002,114390.05,17116033.52,11720.11
289,November 2015,7289,215.53215402711808,106.38045377710577,185.99500638742418,11.521106153685547,19.348688234126985,29.5371476396939,40.85627430363456,3.4616426634878636,208.09875816927382,13662.966120000001,118316.06,17721771.06,14460.58
290,December 2015,7289,219.22359489980462,106.49995867086737,187.58831381511874,17.164466273234616,19.293441992753625,31.635281084685904,41.348894775122496,5.667864037435615,221.46782691197095,14204.14112,123235.09999999999,18473377.77,19536.52
291,January 2016,7289,222.64132698678583,106.29947548646071,189.00922333833415,18.37155118237711,15.962991575520833,33.63210364845168,37.33074674667216,9.111615300304363,194.07543578094734,14554.54112,126126.02999999998,18918945.79,23185.43
292,February 2016,7289,206.30175157883352,106.50236038013136,181.79576768337122,20.294209202112544,13.548147392241379,24.505983895462297,43.399633531956546,8.508445144199191,176.4956726032588,15249.29112,131235.36,19724740.64,29076.45
293,March 2016,7289,204.11680195606695,106.57626586942048,182.07198411451267,20.46089718674902,15.565966059027778,22.044817841554273,45.51894157318987,6.214142668621573,161.92432376147312,15799.94944,134982.90999999997,20325334.55,34111.49
294,April 2016,7289,221.48444288194446,106.48692756944445,194.37730532986112,20.891991579861113,23.955112118055556,27.107137552083334,43.28149723090278,1.7884042013888888,189.33291666666665,16375.94944,139526.89999999997,21076433.18,39799.299999999996
295,May 2016,7289,206.51590225537984,106.42738537972903,185.41234279235505,19.567980631765053,17.043712420977013,21.103559463024794,44.22187139231594,3.305121926522134,166.44304495533598,17053.11611,144225.90999999997,21816625.79,45803.42999999999
296,June 2016,7289,207.4732688221366,106.28973362304579,188.3659107980648,18.278309891225437,25.265347379807693,19.107358024071804,44.42627940934247,4.799973510250435,137.96027176932137,17658.032769999998,147689.81999999998,22372161.759999998,51193.92999999999
297,July 2016,7289,194.68223769203516,106.51790707553856,178.930611401644,21.26600088718821,30.3571565625,15.751626290391156,49.30000089781746,1.3303194501133786,143.51846938775512,17796.407769999998,148518.38999999998,22505322.089999996,52366.10999999999
